연번,오름명,행정시,소재지,location, 비고,표고,면적,형태,데이터기준일자,ContentID,ContentTypeID,FirstImage,FirstImage2
1,가마오름,제주시,제주특별자치도 제주시 한경면 청수리 1202,한경면,51.0,140.5,154486,말굽형(북동향),2024-03-31,1884191,12,http://tong.visitkorea.or.kr/cms/resource/72/3477972_image2_1.jpg,http://tong.visitkorea.or.kr/cms/resource/72/3477972_image3_1.jpg
2,가메오름,제주시,제주특별자치도 제주시 애월읍 봉성리 산124,애월읍,17.0,372.2,28371,복합형,2024-03-31,,,,
3,가메옥,제주시,제주특별자치도 제주시 구좌읍 송당리 1712,구좌읍,28.0,368.0,22764,복합형,2024-03-31,,,,
4,가메창,제주시,제주특별자치도 제주시 한경면 저지리 1496,한경면,6.0,145.8,17037,원형,2024-03-31,1884202,12,,
5,가문이오름,서귀포시,제주특별자치도 서귀포시 표선면 가시리 산158-2,표선면,106.0,496.2,116176,말굽형(남서향),2024-03-31,1884505,12,http://tong.visitkorea.or.kr/cms/resource/92/3477392_image2_1.jpg,http://tong.visitkorea.or.kr/cms/resource/92/3477392_image3_1.jpg
6,가새기오름,제주시,제주특별자치도 제주시 오라삼동 2845,동지역,20.0,115.0,17198,원추형,2023-05-12,,,,
7,가세오름,서귀포시,제주특별자치도 서귀포시 표선면 토산리 산2,표선면,101.0,200.5,373099,말굽형(서향),2024-03-31,1885746,12,http://tong.visitkorea.or.kr/cms/resource/61/3477261_image2_1.jpg,http://tong.visitkorea.or.kr/cms/resource/61/3477261_image3_1.jpg
8,가시오름,서귀포시,제주특별자치도 서귀포시 대정읍 동일리 1209,대정읍,77.0,106.5,263863,말굽형(남서향),2024-03-31,1885754,12,http://tong.visitkorea.or.kr/cms/resource/13/3477513_image2_1.jpg,http://tong.visitkorea.or.kr/cms/resource/13/3477513_image3_1.jpg
9,각시바위,서귀포시,제주특별자치도 서귀포시 호근동 2112,동지역,140.0,395.0,585988,원추형,2024-03-31,1887368,12,http://tong.visitkorea.or.kr/cms/resource/64/3477364_image2_1.jpg,http://tong.visitkorea.or.kr/cms/resource/64/3477364_image3_1.jpg
10,감낭오름,서귀포시,제주특별자치도 서귀포시 안덕면 동광리 산41,안덕면,45.0,439.8,117413,말굽형(북동향),2024-03-31,1887493,12,http://tong.visitkorea.or.kr/cms/resource/06/3477406_image2_1.jpg,http://tong.visitkorea.or.kr/cms/resource/06/3477406_image3_1.jpg
11,감은이오름,제주시,제주특별자치도 제주시 구좌읍 송당리 산 297,구좌읍,37.0,317.2,144548,원형,2024-03-31,1884505,12,http://tong.visitkorea.or.kr/cms/resource/92/3477392_image2_1.jpg,http://tong.visitkorea.or.kr/cms/resource/92/3477392_image3_1.jpg
12,갑선이오름,서귀포시,제주특별자치도 서귀포시 표선면 가시리 산 2,표선면,83.0,188.2,252799,말굽형(서남향),2024-03-31,1887866,12,,
13,개오름,서귀포시,제주특별자치도 서귀포시 표선면 성읍리 2974,표선면,130.0,344.7,338028,원추형,2024-03-31,1887873,12,,
14,개오리오름,제주시,제주특별자치도 제주시 봉개동 산78-1,동지역,117.0,743.0,640913,복합형,2024-03-31,1889809,12,http://tong.visitkorea.or.kr/cms/resource/47/3478047_image2_1.jpg,http://tong.visitkorea.or.kr/cms/resource/47/3478047_image3_1.jpg
15,갯거리오름,서귀포시,제주특별자치도 서귀포시 대포동 산1-8,동지역,38.0,708.4,64003,원추형,2024-03-31,1889833,12,,
16,갯거리오름,제주시,제주특별자치도 제주시 한림읍 명월리 15,한림읍,69.0,253.5,123623,말굽형(서향),2024-03-31,1889833,12,,
17,거린(족은)오름,서귀포시,제주특별자치도 서귀포시 남원읍 한남리 산2-1,남원읍,123.0,493.2,315285,말굽형(남동향),2024-03-31,,,,
18,거린(큰)오름,서귀포시,제주특별자치도 서귀포시 남원읍 한남리 산2-1,남원읍,153.0,532.7,369143,말굽형(북서향),2024-03-31,,,,
19,거린사슴,서귀포시,제주특별자치도 서귀포시 대포동 산 2-1,동지역,103.0,742.9,286247,말굽형(서향),2024-03-31,1890152,12,http://tong.visitkorea.or.kr/cms/resource/97/3477397_image2_1.jpg,http://tong.visitkorea.or.kr/cms/resource/97/3477397_image3_1.jpg
20,거린오름,서귀포시,제주특별자치도 서귀포시 안덕면 동광리 산94,안덕면,68.0,298.2,247021,원추형,2024-03-31,,,,
21,거문오름,제주시,제주특별자치도 제주시 조천읍 선흘리 산102-1,조천읍,112.0,456.6,809860,복합형,2024-03-31,1890177,12,http://tong.visitkorea.or.kr/cms/resource/65/3477965_image2_1.jpg,http://tong.visitkorea.or.kr/cms/resource/65/3477965_image3_1.jpg
22,거미오름,제주시,제주특별자치도 제주시 구좌읍 종달리 산70,구좌읍,115.0,340.0,466283,복합형,2024-03-31,,,,
23,거슨세미,제주시,제주특별자치도 제주시 구좌읍 송당리 산145,구좌읍,125.0,380.0,661438,말굽형(서향),2024-03-31,,,,
24,거친오름,제주시,제주특별자치도 제주시 구좌읍 송당리 산84-2,구좌읍,70.0,354.6,197468,복합형,2024-03-31,,,,
25,거친오름,제주시,제주특별자치도 제주시 봉개동 산66,154,618.5,493952.0,말굽형(북향),2024-03-31,,,,,
26,걸리오름,서귀포시,제주특별자치도 서귀포시 성산읍 신풍리 1575,성산읍,14.0,123.8,11449,원추형,2024-03-31,,,,
27,걸서악(동걸세),서귀포시,제주특별자치도 서귀포시 남원읍 하례리 산124,남원읍,48.0,158.0,58199,원추형,2024-03-31,,,,
28,걸서악(서걸세),서귀포시,제주특별자치도 서귀포시 남원읍 하례리 산138,남원읍,50.0,150.0,69970,원추형,2024-03-31,,,,
29,걸시오름,제주시,제주특별자치도 제주시 연동 산150,82,732.4,277449.0,말굽형(북향),2024-03-31,,1918965,12,http://tong.visitkorea.or.kr/cms/resource/12/3478012_image2_1.jpg,http://tong.visitkorea.or.kr/cms/resource/12/3478012_image3_1.jpg
30,검은덕이,제주시,제주특별자치도 제주시 애월읍 소길리 산118,애월읍,52.0,401.5,57156,원추형,2024-03-31,,,,
31,검은들먹오름,제주시,제주특별자치도 제주시 애월읍 봉성리 산1,애월읍,87.0,712.4,120797,말굽형(북향),2023-05-12,,,,
32,검은오름,제주시,제주특별자치도 제주시 연동 산110,동지역,129.0,438.8,702094,말굽형(북향),2024-03-31,,,,
33,고근산,서귀포시,제주특별자치도 서귀포시 서호동 1286-1,동지역,171.0,396.2,1204428,원형,2024-03-31,127051,12,http://tong.visitkorea.or.kr/cms/resource/54/3477254_image2_1.jpg,http://tong.visitkorea.or.kr/cms/resource/54/3477254_image2_1.jpg
34,고내봉,제주시,제주특별자치도 제주시 애월읍 고내리 산3-1,애월읍,135.0,175.3,739484,복합형,2024-03-31,,,,
35,고냉이슬,제주시,제주특별자치도 제주시 봉개동 165,동지역,69.0,304.5,1136315,원형,2024-03-31,,,,
36,고이악,서귀포시,제주특별자치도 서귀포시 남원읍 한남리 산16,남원읍,52.0,302.0,90743,말굽형(북서향),2024-03-31,,,,
37,골머리,제주시,제주특별자치도 제주시 노형동 산20,동지역,95.0,848.4,54036,원추형,2024-03-31,,,,
38,골체오름,제주시,제주특별자치도 제주시 조천읍 선흘리 1912,조천읍,30.0,395.3,25726,말굽형(남서향),2024-03-31,3482354,15,http://tong.visitkorea.or.kr/cms/resource/39/3482339_image2_1.png,http://tong.visitkorea.or.kr/cms/resource/39/3482339_image3_1.png
39,과오름,제주시,제주특별자치도 제주시 애월읍 곽지리 산4,애월읍,85.0,155.0,267254,말굽형(북서향),2024-03-31,,,,
40,광이오름,제주시,제주특별자치도 제주시 연동 산62,동지역,77.0,266.8,236701,말굽형(남동향),2024-03-31,,,,
41,괭이모루,제주시,제주특별자치도 제주시 구좌읍 송당리 산198,구좌읍,33.0,253.2,89301,말굽형(동북향),2024-03-31,,,,
42,괴수치,서귀포시,제주특별자치도 서귀포시 안덕면 광평리 산79,안덕면,59.0,558.7,99640,원형,2024-03-31,,,,
43,괴오름,제주시,제주특별자치도 제주시 애월읍 봉성리 산41,애월읍,103.0,653.3,379587,말굽형(북향),2024-03-31,1918950,12,,
44,구그네오름,제주시,제주특별자치도 제주시 조천읍 와흘리 957,조천읍,47.0,237.4,38935,원추형,2024-03-31,,,,
45,구두리오름,서귀포시,제주특별자치도 서귀포시 표선면 가시리 산158-2,표선면,117.0,517.0,451437,말굽형(동향),2024-03-31,1918984,12,,
46,구산봉,서귀포시,제주특별자치도 서귀포시 하원동 1180-2,동지역,69.0,174.2,186940,말굽형(동남향),2024-03-31,,,,
47,군산,서귀포시,제주특별자치도 서귀포시 안덕면 창천리 564,안덕면,280.0,334.5,2836857,원추형(라바돔),2024-03-31,3364857,15,http://tong.visitkorea.or.kr/cms/resource/48/3364848_image2_1.jpg,http://tong.visitkorea.or.kr/cms/resource/48/3364848_image3_1.jpg
48,굽은오름,제주시,제주특별자치도 제주시 한경면 조수리 3855,한경면,26.0,96.0,296443,복합형,2023-05-12,,,,
49,궁대악,서귀포시,제주특별자치도 서귀포시 성산읍 수산리 4711,성산읍,54.0,238.8,209701,복합형,2024-03-31,,,,
50,궁산,서귀포시,제주특별자치도 서귀포시 강정동 3712,동지역,37.0,187.0,73912,말굽형(북향),2024-03-31,3043788,14,http://tong.visitkorea.or.kr/cms/resource/39/3045139_image2_1.jpg,http://tong.visitkorea.or.kr/cms/resource/39/3045139_image3_1.jpg
51,권제오름,제주시,제주특별자치도 제주시 아라일동 350,동지역,28.0,297.7,43039,원추형,2024-03-31,,,,
52,궤펜이,제주시,제주특별자치도 제주시 조천읍 교래리 산137-1,조천읍,167.0,792.1,529149,원형,2024-03-31,,,,
53,궷물오름,제주시,제주특별자치도 제주시 애월읍 유수암리 산136-6,애월읍,57.0,597.2,138366,말굽형(북동향),2023-05-12,2765234,12,,
54,극락오름,제주시,제주특별자치도 제주시 애월읍 고성리 산3,애월읍,64.0,313.5,131583,말굽형(북서향),2024-03-31,,,,
55,금산,서귀포시,제주특별자치도 서귀포시 안덕면 사계리 3152-2,안덕면,34.0,63.5,67769,원추형,2024-03-31,2784334,39,http://tong.visitkorea.or.kr/cms/resource/75/2784475_image2_1.JPG,http://tong.visitkorea.or.kr/cms/resource/75/2784475_image2_1.JPG
56,금오름,제주시,제주특별자치도 제주시 한림읍 금악리 산1-1,한림읍,178.0,427.5,613966,원형(화구호),2024-03-31,129699,12,http://tong.visitkorea.or.kr/cms/resource/35/3352435_image2_1.jpg,http://tong.visitkorea.or.kr/cms/resource/35/3352435_image3_1.jpg
57,까그래기,제주시,제주특별자치도 제주시 조천읍 교래리 128,조천읍,49.0,429.0,132944,원형,2024-03-31,,,,
58,꾀꼬리오름,제주시,제주특별자치도 제주시 조천읍 대흘리 산33,조천읍,58.0,428.3,110674,말굽형(북서향),2024-03-31,,,,
59,나시리오름,서귀포시,제주특별자치도 서귀포시 성산읍 난산리 2683,성산읍,29.0,164.0,51624,말굽형(북향),2024-03-31,,,,
60,남산봉,서귀포시,제주특별자치도 서귀포시 성산읍 신풍리 1657-1,성산읍,54.0,178.8,185332,원형,2023-05-12,2809535,15,http://tong.visitkorea.or.kr/cms/resource/85/3486485_image2_1.jpg,http://tong.visitkorea.or.kr/cms/resource/85/3486485_image3_1.jpg
61,남송이오름,서귀포시,제주특별자치도 서귀포시 안덕면 서광리 산33,안덕면,139.0,339.0,366531,복합형,2024-03-31,,,,
62,남짓은오름,제주시,제주특별자치도 제주시 연동 산25,167,296.7,637805.0,말굽형(북서향),2024-03-31,,,,,
63,낭끼오름,서귀포시,제주특별자치도 서귀포시 성산읍 수산리 3954,성산읍,40.0,185.1,82601,원형,2024-03-31,,,,
64,넉시악,서귀포시,제주특별자치도 서귀포시 남원읍 의귀리 531-1,남원읍,56.0,146.2,128854,말굽형(서북향),2024-03-31,,,,
65,넙거리,서귀포시,제주특별자치도 서귀포시 남원읍 한남리 산2-1,남원읍,102.0,436.6,269857,원형,2024-03-31,,,,
66,넙거리,제주시,제주특별자치도 제주시 조천읍 교래리 산137-1,조천읍,100.0,810.0,488263,말굽형(서향),2024-03-31,,,,
67,넙게오름,서귀포시,제주특별자치도 서귀포시 안덕면 서광리 943,안덕면,62.0,246.5,260296,말굽형(서북향),2024-03-31,,,,
68,노꼬메족은오름,제주시,제주특별자치도 제주시 애월읍 유수암리 산138,애월읍,124.0,774.4,601440,말굽형(북서향),2024-03-31,,,,
69,노꼬메큰오름,제주시,제주특별자치도 제주시 애월읍 유수암리 산138,애월읍,234.0,833.8,923692,말굽형(북서향),2024-03-31,,,,
70,노로오름,제주시,제주특별자치도 제주시 애월읍 유수암리 산139,애월읍,105.0,1070.0,475274,복합형,2024-03-31,,,,
71,노리손이,제주시,제주특별자치도 제주시 연동 산137,동지역,136.0,616.2,222294,말굽형(북향),2024-03-31,,,,
72,녹남봉,서귀포시,제주특별자치도 서귀포시 대정읍 신도리 1304-1,대정읍,50.0,100.4,124498,원형,2024-03-31,,,,
73,녹하지악,서귀포시,제주특별자치도 서귀포시 중문동 산5,동지역,121.0,620.5,340236,원추형,2024-03-31,,,,
74,논고악,서귀포시,제주특별자치도 서귀포시 남원읍 신례리 산2-1,남원읍,143.0,843.0,567616,원형,2024-03-31,,,,
75,논오름,서귀포시,제주특별자치도 서귀포시 안덕면 화순리 12-1,안덕면,56.0,186.0,92566,말굽형(북동향),2024-03-31,,,,
76,논오름,제주시,제주특별자치도 제주시 삼양일동 558-1,동지역,13.0,52.5,16244,원추형,2024-03-31,,,,
77,높은오름,제주시,제주특별자치도 제주시 구좌읍 송당리 산213-1,구좌읍,175.0,405.3,951657,원형,2024-03-31,1965800,12,,
78,누운오름,제주시,제주특별자치도 제주시 애월읍 광령리 산183-6,애월읍,71.0,1711.2,144548,원추형,2023-05-12,,,,
79,누운오름,제주시,제주특별자치도 제주시 한림읍 금악리 산10-5,한림읍,57.0,407.0,420021,복합형,2024-03-31,,,,
80,눈오름,제주시,제주특별자치도 제주시 애월읍 봉성리 2952-2,애월읍,31.0,131.1,51576,말굽형(북향),2024-03-31,,,,
81,눈오름,제주시,제주특별자치도 제주시 애월읍 장전리 1756,애월읍,13.0,127.5,20780,말굽형(동향),2024-03-31,,,,
82,눈오름,제주시,제주특별자치도 제주시 해안동 166-5,동지역,54.0,203.5,105922,말굽형(북서향),2024-03-31,,,,
83,느지리오름,제주시,제주특별자치도 제주시 한림읍 상명리 산5,한림읍,85.0,225.0,332844,복합형,2024-03-31,2740127,12,http://tong.visitkorea.or.kr/cms/resource/21/2740421_image2_1.jpg,http://tong.visitkorea.or.kr/cms/resource/21/2740421_image2_1.jpg
84,늡서리,제주시,제주특별자치도 제주시 조천읍 교래리 산119,조천읍,59.0,488.9,115505,말굽형(북동향),2024-03-31,,,,
85,능화오름,제주시,제주특별자치도 제주시 오라동 산107,동지역,91.0,975.5,194370,말굽형(북향),2024-03-31,,,,
86,다랑쉬,제주시,제주특별자치도 제주시 구좌읍 세화리 산6,구좌읍,227.0,382.4,800463,원형,2024-03-31,577461,12,,
87,다래오름,서귀포시,제주특별자치도 서귀포시 중문동 산1-1,동지역,64.0,983.8,128686,말굽형(서향),2024-03-31,,,,
88,다래오름,제주시,제주특별자치도 제주시 애월읍 어음리 산25,애월읍,87.0,696.5,231752,말굽형(북동향),2024-03-31,,,,
89,다래오름동북쪽2,제주시,제주특별자치도 제주시 애월읍 봉성리 산1,애월읍,40.0,725.9,97951,말굽형(동향),2023-05-12,,,,
90,단산,서귀포시,제주특별자치도 서귀포시 안덕면 사계리 3124-1,안덕면,113.0,158.0,339982,원추형,2024-03-31,750824,12,,
91,달산봉,서귀포시,제주특별자치도 서귀포시 표선면 하천리 1043-1,표선면,87.0,136.5,152322,말굽형(동향),2024-03-31,,,,
92,당산봉,제주시,제주특별자치도 제주시 한경면 용수리 4705,한경면,118.0,148.0,534135,복합형,2024-03-31,2704703,12,http://tong.visitkorea.or.kr/cms/resource/84/3477884_image2_1.jpg,http://tong.visitkorea.or.kr/cms/resource/84/3477884_image3_1.jpg
93,당산봉 알봉,제주시,제주특별자치도 제주시 한경면 용수리 2705,한경면,53.0,83.0,184267,원추형,2024-03-31,,,,
94,당오름,서귀포시,제주특별자치도 서귀포시 안덕면 동광리 산68-1,안덕면,118.0,473.0,415293,원형,2024-03-31,,,,
95,당오름,제주시,제주특별자치도 제주시 구좌읍 송당리 산199-1,구좌읍,69.0,274.1,141135,말굽형(북서향),2024-03-31,,,,
96,당오름,제주시,제주특별자치도 제주시 조천읍 와산리 산7-1,조천읍,56.0,306.4,138170,말굽형(남향),2024-03-31,,,,
97,대록산,서귀포시,제주특별자치도 서귀포시 표선면 가시리 산68,표선면,125.0,474.5,522097,원형,2024-03-31,,,,
98,대물동산,제주시,제주특별자치도 제주시 구좌읍 송당리 1919,구좌읍,17.0,232.8,31003,말굽형(북향),2024-03-31,,,,
99,대병악,서귀포시,제주특별자치도 서귀포시 안덕면 상창리 산2-1,안덕면,132.0,491.9,301657,말굽형(북향),2023-05-12,,,,
100,대수산봉,서귀포시,제주특별자치도 서귀포시 성산읍 고성리 2039-1,성산읍,97.0,137.3,260522,원형,2024-03-31,,,,
101,대왕산,서귀포시,제주특별자치도 서귀포시 성산읍 수산리 1431,성산읍,83.0,157.6,258195,말굽형(북서향),2024-03-31,,,,
102,대천이오름,제주시,제주특별자치도 제주시 조천읍 선흘리 산154,조천읍,67.0,447.0,135971,말굽형(북동향),2024-03-31,,,,
103,더데오름,서귀포시,제주특별자치도 서귀포시 상예동 4489-1,동지역,48.0,228.4,43434,원추형,2024-03-31,,,,
104,도너리오름,서귀포시,제주특별자치도 서귀포시 안덕면 동광리 산90,안덕면,110.0,439.6,306369,복합형,2024-03-31,1928430,12,http://tong.visitkorea.or.kr/cms/resource/70/3477170_image2_1.jpg,http://tong.visitkorea.or.kr/cms/resource/70/3477170_image3_1.jpg
105,도두봉,제주시,제주특별자치도 제주시 도두동 산1,동지역,55.0,65.3,80253,원추형,2024-03-31,3056754,12,http://tong.visitkorea.or.kr/cms/resource/11/3056711_image2_1.jpg,http://tong.visitkorea.or.kr/cms/resource/11/3056711_image3_1.jpg
106,도청오름,서귀포시,제주특별자치도 서귀포시 표선면 표선리 2450,표선면,70.0,100.5,152322,말굽형(남동향),2024-03-31,,,,
107,독자봉,서귀포시,제주특별자치도 서귀포시 성산읍 신산리 1785,성산읍,79.0,159.3,201388,말굽형(남동향),2024-03-31,,,,
108,돈두미오름,서귀포시,제주특별자치도 서귀포시 대정읍 영락리 1450,대정읍,22.0,41.9,116242,원추형,2024-03-31,,,,
109,돌미,서귀포시,제주특별자치도 서귀포시 성산읍 수산리 4535,성산읍,26.0,186.4,33377,원추형,2024-03-31,2784077,39,http://tong.visitkorea.or.kr/cms/resource/93/2794593_image2_1.jpg,http://tong.visitkorea.or.kr/cms/resource/93/2794593_image3_1.jpg
110,돌오름,서귀포시,제주특별자치도 서귀포시 안덕면 상천리 산1,안덕면,71.0,865.8,406036,원형,2024-03-31,2724387,12,,
111,돌오름,제주시,제주특별자치도 제주시 월평동 산6,동지역,54.0,1278.5,41620,원추형,2024-03-31,2724387,12,,
112,돔박이,서귀포시,제주특별자치도 서귀포시 안덕면 광평리 산89,안덕면,51.0,521.4,68146,말굽형(북동향),2024-03-31,,,,
113,돔배오름,제주시,제주특별자치도 제주시 조천읍 교래리 산62,조천읍,36.0,466.0,117259,원형,2024-03-31,,,,
114,동수악,서귀포시,제주특별자치도 서귀포시 남원읍 한남리 산2-1,남원읍,100.0,700.0,256640,원형(화구호),2024-03-31,,,,
115,동알오름,서귀포시,제주특별자치도 서귀포시 대정읍 상모리 153,대정읍,30.0,45.0,82517,말굽형(북동향),2024-03-31,,,,
116,돝오름,제주시,제주특별자치도 제주시 구좌읍 송당리 산3,구좌읍,129.0,284.2,430425,원형,2024-03-31,,,,
117,두산봉,서귀포시,제주특별자치도 서귀포시 성산읍 시흥리 2665,성산읍,101.0,126.5,924938,복합형,2023-05-12,3057219,12,http://tong.visitkorea.or.kr/cms/resource/99/3057199_image2_1.jpg,http://tong.visitkorea.or.kr/cms/resource/99/3057199_image3_1.jpg
118,둔지봉,제주시,제주특별자치도 제주시 구좌읍 한동리 산40,구좌읍,152.0,282.2,360185,말굽형(남향),2024-03-31,1933208,12,,
119,뒤굽은이,제주시,제주특별자치도 제주시 구좌읍 송당리 산 39-1,구좌읍,52.0,251.6,74274,말굽형(북향),2024-03-31,1890872,12,,
120,들레오름,제주시,제주특별자치도 제주시 월평동 665-2,동지역,40.0,347.9,92971,말굽형(남서향),2024-03-31,,,,
121,들리오름,제주시,제주특별자치도 제주시 오등동 158,동지역,47.0,542.4,47825,말굽형(북향),2024-03-31,,,,
122,따라비,서귀포시,제주특별자치도 서귀포시 표선면 가시리 산62,표선면,107.0,342.0,448111,복합형,2024-03-31,572968,12,,
123,마보기,서귀포시,제주특별자치도 서귀포시 안덕면 상천리 산83,안덕면,45.0,559.7,57554,원추형,2023-05-12,,,,
124,마오름,제주시,제주특별자치도 제주시 한경면 저지리 산55-2,한경면,27.0,122.0,38946,말굽형(남향),2024-03-31,1884191,12,http://tong.visitkorea.or.kr/cms/resource/72/3477972_image2_1.jpg,http://tong.visitkorea.or.kr/cms/resource/72/3477972_image3_1.jpg
125,마은이,서귀포시,제주특별자치도 서귀포시 남원읍 수망리 산203,남원읍,47.0,552.0,115182,말굽형(북향),2024-03-31,,,,
126,마은이옆,서귀포시,제주특별자치도 서귀포시 표선면 가시리 산158,표선면,53.0,548.5,119062,말굽형(북동향),2024-03-31,,,,
127,마중오름,제주시,제주특별자치도 제주시 한경면 저지리 2143-18,한경면,44.0,168.6,120340,복합형,2024-03-31,,,,
128,만세동산,제주시,제주특별자치도 제주시 애월읍 광령리 산183-6,애월읍,81.0,1606.2,239605,원추형,2023-05-12,3057244,12,http://tong.visitkorea.or.kr/cms/resource/35/3057235_image2_1.jpg,http://tong.visitkorea.or.kr/cms/resource/35/3057235_image3_1.jpg
129,말젯오름,제주시,제주특별자치도 제주시 애월읍 곽지리 1085,애월읍,13.0,102.5,0,원추형,2023-05-12,,,,
130,말찻,제주시,제주특별자치도 제주시 조천읍 교래리 산137-1,조천읍,103.0,653.3,403935,말굽형(동향),2024-03-31,,,,
131,망동산,제주시,제주특별자치도 제주시 우도면 연평리 산19-1,우도면,30.0,87.5,47292,원추형,2024-03-31,,,,
132,망밭,서귀포시,제주특별자치도 서귀포시 서호동 73,동지역,43.0,52.6,61966,원추형,2024-03-31,,,,
133,매오름,서귀포시,제주특별자치도 서귀포시 표선면 표선리 2458-1,표선면,107.0,136.7,353972,말굽형(북서향),2024-03-31,,,,
134,머체오름,서귀포시,제주특별자치도 서귀포시 남원읍 한남리 산2-1,남원읍,51.0,425.8,125020,원추형,2024-03-31,,,,
135,명월오름,제주시,제주특별자치도 제주시 한림읍 명월리 1105,한림읍,39.0,148.5,60359,말굽형(남향),2024-03-31,,,,
136,모구리알오름,서귀포시,제주특별자치도 서귀포시 성산읍 난산리 2960-1,성산읍,18.0,202.6,19641,말굽형(남향),2024-03-31,,,,
137,모구리오름,서귀포시,제주특별자치도 서귀포시 성산읍 난산리 2960-1,성산읍,82.0,232.0,202089,말굽형(남동향),2024-03-31,1926601,12,http://tong.visitkorea.or.kr/cms/resource/96/3477496_image2_1.jpg,http://tong.visitkorea.or.kr/cms/resource/96/3477496_image3_1.jpg
138,모라이악,서귀포시,제주특별자치도 서귀포시 색달동 산16-1,동지역,66.0,510.7,206773,원형,2024-03-31,,,,
139,모슬봉,서귀포시,제주특별자치도 서귀포시 대정읍 상모리 3540-2,대정읍,131.0,180.5,453030,원추형,2024-03-31,,,,
140,모지오름,서귀포시,제주특별자치도 서귀포시 표선면 성읍리 산22,표선면,86.0,305.8,535643,말굽형(북동향),2024-03-31,1928045,12,http://tong.visitkorea.or.kr/cms/resource/83/3477483_image2_1.jpg,http://tong.visitkorea.or.kr/cms/resource/83/3477483_image3_1.jpg
141,묘산봉,제주시,제주특별자치도 제주시 구좌읍 김녕리 2723,구좌읍,81.0,116.3,157609,말굽형(남향),2023-05-12,,,,
142,무악,서귀포시,제주특별자치도 서귀포시 안덕면 동광리 산12,안덕면,126.0,496.1,314656,말굽형(남향),2024-03-31,126531,12,http://tong.visitkorea.or.kr/cms/resource/11/3494411_image2_1.jpg,http://tong.visitkorea.or.kr/cms/resource/11/3494411_image3_1.jpg
143,문도지오름,제주시,제주특별자치도 제주시 한림읍 금악리 3444,한림읍,55.0,260.3,106436,말굽형(동향),2024-03-31,2740130,12,http://tong.visitkorea.or.kr/cms/resource/36/2740436_image2_1.jpg,http://tong.visitkorea.or.kr/cms/resource/36/2740436_image3_1.jpg
144,문석이오름,제주시,제주특별자치도 제주시 구좌읍 송당리 산234,구좌읍,67.0,291.8,228379,복합형,2024-03-31,,,,
145,물메,제주시,제주특별자치도 제주시 애월읍 수산리 산1-1,애월읍,92.0,121.5,1932024,원추형(분화구흔적),2024-03-31,2714826,12,,
146,물영아리,서귀포시,제주특별자치도 서귀포시 남원읍 수망리 산189,남원읍,128.0,508.0,717013,원형(화구호),2024-03-31,2433925,12,,
147,물오름,서귀포시,제주특별자치도 서귀포시 남원읍 한남리 산2-4,남원읍,114.0,838.6,346856,말굽형(남동향),2024-03-31,1945208,12,http://tong.visitkorea.or.kr/cms/resource/92/3477492_image2_1.jpg,http://tong.visitkorea.or.kr/cms/resource/92/3477492_image3_1.jpg
148,물장오리,제주시,제주특별자치도 제주시 봉개동 산78-2,동지역,120.0,937.2,628987,원형(화구호),2024-03-31,,,,
149,물찻,제주시,제주특별자치도 제주시 조천읍 교래리 산137-1,조천읍,167.0,717.2,744401,복합형(화구호),2024-03-31,2910833,39,http://tong.visitkorea.or.kr/cms/resource/20/2910820_image2_1.jpg,http://tong.visitkorea.or.kr/cms/resource/20/2910820_image3_1.jpg
150,미악산,서귀포시,제주특별자치도 서귀포시 동홍동 산7,동지역,113.0,567.5,424611,말굽형(남향),2024-03-31,2765223,12,,
151,민대가리동산,제주시,제주특별자치도 제주시 애월읍 광령리 산183-6,애월읍,76.0,1600.5,184192,원추형,2023-05-12,,,,
152,민머루오름,서귀포시,제주특별자치도 서귀포시 중문동 산1-3,동지역,82.0,882.7,387181,원추형,2024-03-31,,,,
153,민오름,서귀포시,제주특별자치도 서귀포시 남원읍 수망리 158,남원읍,97.0,446.8,371170,말굽형(동향),2024-03-31,,,,
154,민오름,제주시,제주특별자치도 제주시 구좌읍 송당리 산156,구좌읍,102.0,362.0,412245,말굽형(북동향),2024-03-31,,,,
155,민오름,제주시,제주특별자치도 제주시 오라이동 산28,동지역,117.0,251.7,474001,말굽형(북동향),2024-03-31,,,,
156,민오름,제주시,제주특별자치도 제주시 조천읍 선흘리 산141,조천읍,118.0,518.3,400724,복합형,2024-03-31,,,,
157,민오름(무녜오름),제주시,제주특별자치도 제주시 봉개동 산64,동지역,136.0,651.0,518910,복합형,2024-03-31,,,,
158,바농오름,제주시,제주특별자치도 제주시 조천읍 교래리 산108,조천읍,142.0,552.1,473953,복합형,2024-03-31,,,,
159,큰바리메,제주시,제주특별자치도 제주시 애월읍 어음리 산21,애월읍,213.0,763.4,1288365,원형,2024-03-31,,,,
160,밝은오름,서귀포시,제주특별자치도 서귀포시 안덕면 동광리 1138,안덕면,40.0,290.0,54945,말굽형(북향),2024-03-31,,,,
161,밝은오름,제주시,제주특별자치도 제주시 한림읍 금악리 18-1,한림읍,15.0,379.9,15698,말굽형(북향),2024-03-31,,,,
162,밝은오름,제주시,제주특별자치도 제주시 한림읍 상명리 1696,한림읍,43.0,182.5,78972,말굽형(북향),2024-03-31,,,,
163,밝은오름,제주시,제주특별자치도 제주시 해안동 355-21,동지역,37.0,337.0,33180,말굽형(남향),2024-03-31,,,,
164,밧돌오름,제주시,제주특별자치도 제주시 구좌읍 송당리 산66-1,구좌읍,103.0,352.8,372226,말굽형(북동향),2024-03-31,,,,
165,밧세미,제주시,제주특별자치도 제주시 봉개동 산3,동지역,92.0,391.7,114322,말굽형(북동향),2024-03-31,,,,
166,방애오름,서귀포시,제주특별자치도 서귀포시 동홍동 산1,동지역,129.0,1699.3,395807,원추형,2024-03-31,,,,
167,방애오름,제주시,제주특별자치도 제주시 조천읍 교래리 산45,조천읍,48.0,453.4,475019,원형,2024-03-31,,,,
168,방일봉,제주시,제주특별자치도 제주시 노형동 2093-1,동지역,20.0,120.0,22101,원추형,2024-03-31,,,,
169,방주오름,제주시,제주특별자치도 제주시 한림읍 명월리 679,한림읍,8.0,163.3,9975,원추형,2024-03-31,,,,
170,백약이오름,서귀포시,제주특별자치도 서귀포시 표선면 성읍리 산1,표선면,132.0,356.9,581463,원형,2024-03-31,2731801,12,http://tong.visitkorea.or.kr/cms/resource/91/2731791_image2_1.jpg,http://tong.visitkorea.or.kr/cms/resource/91/2731791_image3_1.jpg
171,번널오름,서귀포시,제주특별자치도 서귀포시 표선면 가시리 산10,표선면,62.0,272.3,129713,원추형(침식),2024-03-31,,,,
172,법정악,서귀포시,제주특별자치도 서귀포시 하원동 산1-1,동지역,90.0,760.1,97901,원추형,2024-03-31,,,,
173,베두리오름,제주시,제주특별자치도 제주시 연동 270-5,동지역,10.0,85.0,21438,말굽형(남향),2023-05-12,,,,
174,베릿네오름,서귀포시,제주특별자치도 서귀포시 중문동 2284,동지역,61.0,101.2,159357,말굽형(북향),2024-03-31,2796715,12,,
175,별도봉,제주시,제주특별자치도 제주시 화북일동 4472,동지역,101.0,136.0,242535,원추형,2024-03-31,1069292,12,,
176,병곳오름,서귀포시,제주특별자치도 서귀포시 표선면 가시리 산8,표선면,113.0,288.1,482903,말굽형(북동향),2024-03-31,,,,
177,보롬이,서귀포시,제주특별자치도 서귀포시 대정읍 무릉1리 3526-1,대정읍,14.0,49.0,15717,원추형,2024-03-31,,,,
178,보롬이,서귀포시,제주특별자치도 서귀포시 서홍동 1212,동지역,30.0,85.4,109615,원추형,2024-03-31,,,,
179,보리악,서귀포시,제주특별자치도 서귀포시 남원읍 신례리 산2-1,남원읍,130.0,739.6,442410,원추형,2024-03-31,,,,
180,본지오름,서귀포시,제주특별자치도 서귀포시 성산읍 삼달리 2104-1,성산읍,32.0,151.9,120987,말굽형(남향),2024-03-31,,,,
181,볼레오름,서귀포시,제주특별자치도 서귀포시 하원동 산1-1,동지역,104.0,1374.2,453146,말굽형(북서향),2024-03-31,,,,
182,봉아오름,제주시,제주특별자치도 제주시 봉개동 1811-1,동지역,36.0,165.5,57506,말굽형(남서향),2024-03-31,,,,
183,부대악,제주시,제주특별자치도 제주시 조천읍 선흘리 산103-1,조천읍,109.0,468.8,455827,말굽형(동북향),2024-03-31,,,,
184,부소악,제주시,제주특별자치도 제주시 조천읍 교래리 산2,조천읍,129.0,469.2,423459,말굽형(서남향),2024-03-31,,,,
185,북돌아진오름,제주시,제주특별자치도 제주시 애월읍 봉성리 산41,애월읍,118.0,643.0,338981,말굽형(북서향),2024-03-31,,,,
186,북망산,서귀포시,제주특별자치도 서귀포시 표선면 토산리 산11,표선면,42.0,141.9,83414,원추형,2024-03-31,,,,
187,북오름,서귀포시,제주특별자치도 서귀포시 안덕면 동광리 산93,안덕면,84.0,314.3,121783,말굽형(남향),2024-03-31,,,,
188,북오름,제주시,제주특별자치도 제주시 구좌읍 덕천리 산69,구좌읍,86.0,304.6,168850,말굽형(북향),2024-03-31,,,,
189,불칸디오름,제주시,제주특별자치도 제주시 봉개동 산78-2,동지역,91.0,996.3,204167,말굽형(서남형),2024-03-31,,,,
190,붉은오름,서귀포시,제주특별자치도 서귀포시 성산읍 고성리 62-4,성산읍,28.0,33.0,5343,원추형,2024-03-31,1898484,12,http://tong.visitkorea.or.kr/cms/resource/70/3023770_image2_1.jpg,http://tong.visitkorea.or.kr/cms/resource/70/3023770_image3_1.jpg
191,붉은오름,서귀포시,제주특별자치도 서귀포시 표선면 가시리 산158,표선면,129.0,569.0,585044,원형,2024-03-31,1898484,12,http://tong.visitkorea.or.kr/cms/resource/70/3023770_image2_1.jpg,http://tong.visitkorea.or.kr/cms/resource/70/3023770_image3_1.jpg
192,붉은오름,제주시,제주특별자치도 제주시 애월읍 광령리 산183-2,애월읍,136.0,1061.0,411978,말굽형(북서향),2024-03-31,1898484,12,http://tong.visitkorea.or.kr/cms/resource/70/3023770_image2_1.jpg,http://tong.visitkorea.or.kr/cms/resource/70/3023770_image3_1.jpg
193,비양봉,제주시,제주특별자치도 제주시 한림읍 협재리 산100-1,한림읍,104.0,114.1,260428,복합형,2024-03-31,1895633,12,,
194,비치미,제주시,제주특별자치도 제주시 구좌읍 송당리 산255-1,구좌읍,109.0,344.1,388793,말굽형(북동향),2024-03-31,,,,
195,빈네오름,제주시,제주특별자치도 제주시 애월읍 봉성리 52-16,애월읍,93.0,658.6,359116,말굽형(남서향),2023-05-12,,,,
196,사라봉,제주시,제주특별자치도 제주시 건입동 387-1,동지역,98.0,148.2,233471,말굽형(북서향),2024-03-31,1069144,12,http://tong.visitkorea.or.kr/cms/resource/99/3053499_image2_1.jpg,http://tong.visitkorea.or.kr/cms/resource/99/3053499_image3_1.jpg
197,사라오름,서귀포시,제주특별자치도 서귀포시 남원읍 신례리 산2-1,남원읍,150.0,1324.7,440686,원형,2024-03-31,1215292,12,,
198,사려니,서귀포시,제주특별자치도 서귀포시 남원읍 한남리 산2-1,남원읍,98.0,523.0,260107,말굽형(북동),2024-03-31,2414827,28,http://tong.visitkorea.or.kr/cms/resource/90/2618490_image2_1.jpg,http://tong.visitkorea.or.kr/cms/resource/90/2618490_image3_1.jpg
199,사려니 남서쪽,서귀포시,제주특별자치도 서귀포시 남원읍 한남리 산2-1,남원읍,73.0,473.0,77637,원추형,2024-03-31,,,,
200,사제비동산,제주시,제주특별자치도 제주시 애월읍 광령리 산183-6,애월읍,49.0,1423.8,95420,말굽형(서향),2023-05-12,,,,
201,산굼부리,제주시,제주특별자치도 제주시 조천읍 교래리 산38,조천읍,32.0,437.4,574697,원형,2024-03-31,126474,12,http://tong.visitkorea.or.kr/cms/resource/55/3354255_image2_1.jpg,http://tong.visitkorea.or.kr/cms/resource/55/3354255_image3_1.jpg
202,산방산,서귀포시,제주특별자치도 서귀포시 안덕면 사계리 산16,안덕면,345.0,395.2,988332,원추형(종모양),2024-03-31,2852538,12,http://tong.visitkorea.or.kr/cms/resource/34/2852534_image2_1.JPG,http://tong.visitkorea.or.kr/cms/resource/34/2852534_image3_1.JPG
203,산세미오름,제주시,제주특별자치도 제주시 애월읍 고성리 산127,애월읍,102.0,651.6,382100,말굽형(북향),2024-03-31,,,,
204,살핀오름,제주시,제주특별자치도 제주시 애월읍 광령리 산183-2,애월읍,76.0,1076.3,112029,원추형,2024-03-31,,,,
205,삼각봉,제주시,제주특별자치도 제주시 오라동 산107,동지역,186.0,1695.5,237586,원추형,2024-03-31,,,,
206,삼매봉,서귀포시,제주특별자치도 서귀포시 서홍동 809-1,동지역,104.0,153.6,334070,복합형,2024-03-31,2861605,39,http://tong.visitkorea.or.kr/cms/resource/04/2861604_image2_1.JPG,http://tong.visitkorea.or.kr/cms/resource/04/2861604_image3_1.JPG
207,삼형제(샛오름)남쪽Ⅰ,서귀포시,제주특별자치도 서귀포시 색달동 산1-3,동지역,123.0,1014.0,72363,원추형,2024-03-31,,,,
208,삼형제(샛오름)남쪽Ⅱ,서귀포시,제주특별자치도 서귀포시 색달동 산1-3,동지역,45.0,1025.6,87416,원추형,2024-03-31,,,,
209,삼형제말젯오름,제주시,제주특별자치도 제주시 애월읍 봉성리 산1,애월읍,123.0,1075.0,340627,말굽형(북서향),2024-03-31,,,,
210,삼형제샛오름,제주시,제주특별자치도 제주시 애월읍 광령리 산183-2,애월읍,49.0,1112.8,412642,말굽형(북서향),2024-03-31,,,,
211,삼형제큰오름,제주시,제주특별자치도 제주시 애월읍 광령리 산183-2,애월읍,118.0,1142.5,367384,말굽형(북서향),2024-03-31,,,,
212,상여오름,제주시,제주특별자치도 제주시 연동 산72,동지역,60.0,245.0,162799,원추형,2024-03-31,,,,
213,새끼오름,서귀포시,제주특별자치도 서귀포시 표선면 성읍리 3196-1,표선면,51.0,301.2,114795,말굽형(서향),2024-03-31,,,,
214,새별오름,제주시,제주특별자치도 제주시 애월읍 봉성리 산59-8,애월읍,119.0,519.3,522216,복합형,2024-03-31,572973,12,http://tong.visitkorea.or.kr/cms/resource/34/2943834_image2_1.bmp,http://tong.visitkorea.or.kr/cms/resource/34/2943834_image3_1.bmp
215,새신오름,제주시,제주특별자치도 제주시 한경면 청수리 3369,한경면,41.0,141.2,214735,원형,2024-03-31,1945414,12,http://tong.visitkorea.or.kr/cms/resource/85/3477985_image2_1.jpg,http://tong.visitkorea.or.kr/cms/resource/85/3477985_image3_1.jpg
216,샛개오리,제주시,제주특별자치도 제주시 봉개동 산78-1,동지역,58.0,658.3,73832,원추형,2024-03-31,,,,
217,샛궤펜이,제주시,제주특별자치도 제주시 조천읍 교래리 산137-1,조천읍,37.0,757.0,48413,원형,2024-03-31,,,,
218,샛오름,제주시,제주특별자치도 제주시 애월읍 곽지리 산15,애월읍,60.0,100.0,155467,말굽형(남서향),2023-05-12,,,,
219,생기악,서귀포시,제주특별자치도 서귀포시 남원읍 신례리 산33-1,남원읍,65.0,260.0,167924,말굽형(북서향),2023-05-12,,,,
220,서삼봉,제주시,제주특별자치도 제주시 오등동 산 50,동지역,48.0,448.4,21355,말굽형(서남향),2024-03-31,,,,
221,서수모루,제주시,제주특별자치도 제주시 구좌읍 송당리 산67-2,구좌읍,28.0,253.7,39359,말굽형(동남향),2024-03-31,,,,
222,서우봉,제주시,제주특별자치도 제주시 조천읍 함덕리 169-1,조천읍,106.0,111.3,835758,원추형,2024-03-31,126451,12,http://tong.visitkorea.or.kr/cms/resource/00/3354600_image2_1.jpg,http://tong.visitkorea.or.kr/cms/resource/00/3354600_image3_1.jpg
223,선소오름,제주시,제주특별자치도 제주시 한림읍 금악리 2785-1,한림읍,46.0,226.0,240943,말굽형(동향),2024-03-31,,,,
224,설오름,서귀포시,제주특별자치도 서귀포시 신효동 1028,동지역,15.0,50.1,27896,원추형,2024-03-31,2767694,39,,
225,설오름,서귀포시,제주특별자치도 서귀포시 표선면 가시리 산1,표선면,98.0,238.0,273810,말굽형(서향),2024-03-31,2767694,39,,
226,섯궤펜이,제주시,제주특별자치도 제주시 조천읍 교래리 산137-1,조천읍,59.0,774.0,72363,원형,2024-03-31,,,,
227,섯알오름,서귀포시,제주특별자치도 서귀포시 대정읍 상모리 1618,대정읍,21.0,40.7,29094,말굽형(서향),2024-03-31,2715651,12,http://tong.visitkorea.or.kr/cms/resource/62/3383862_image2_1.jpg,http://tong.visitkorea.or.kr/cms/resource/62/3383862_image3_1.jpg
228,성널오름,서귀포시,제주특별자치도 서귀포시 남원읍 신례리 산2-1,남원읍,165.0,1215.2,645717,원추형,2024-03-31,,,,
229,성불오름,제주시,제주특별자치도 제주시 구좌읍 송당리 산266,구좌읍,97.0,361.7,380707,말굽형(동향),2024-03-31,2704232,12,,
230,성산일출봉,서귀포시,제주특별자치도 서귀포시 성산읍 성산리 1,성산읍,174.0,179.0,453030,원형,2024-03-31,2839742,39,http://tong.visitkorea.or.kr/cms/resource/36/2839736_image2_1.jpg,http://tong.visitkorea.or.kr/cms/resource/36/2839736_image3_1.jpg
231,성진이오름,제주시,제주특별자치도 제주시 봉개동 산78-2,동지역,75.0,700.5,128381,원형,2024-03-31,,,,
232,세미소,제주시,제주특별자치도 제주시 한림읍 금악리 363,한림읍,30.0,374.8,160098,원형(화구호),2024-03-31,,,,
233,세미오름,제주시,제주특별자치도 제주시 아라동 산24-2,동지역,139.0,574.3,412000,원형,2024-03-31,,,,
234,세미오름,제주시,제주특별자치도 제주시 조천읍 대흘리 산27-1,조천읍,126.0,421.0,261938,말굽형(남서형),2024-03-31,,,,
235,소록산,서귀포시,제주특별자치도 서귀포시 표선면 가시리 산 87-24,표선면,102.0,441.9,386069,말굽형(북동향),2023-05-12,,,,
236,소병악,서귀포시,제주특별자치도 서귀포시 안덕면 상창리 산2-1,안덕면,93.0,473.0,178836,말굽형(서향),2023-05-12,,,,
237,소산오름,제주시,제주특별자치도 제주시 아라일동 산31,동지역,48.0,412.8,30782,원추형,2024-03-31,,,,
238,소소름,서귀포시,제주특별자치도 서귀포시 표선면 토산리 220,표선면,42.0,162.4,91501,말굽형(서향),2024-03-31,,,,
239,소수산봉,서귀포시,제주특별자치도 서귀포시 성산읍 고성리 887,성산읍,38.0,53.0,34119,원추형,2024-03-31,,,,
240,소왕산,서귀포시,제주특별자치도 서귀포시 성산읍 수산리 2160,성산읍,28.0,103.0,35071,말굽형(서향),2024-03-31,,,,
241,손자봉,제주시,제주특별자치도 제주시 구좌읍 종달리 산52,구좌읍,76.0,255.8,279921,복합형,2024-03-31,,,,
242,송아오름,제주시,제주특별자치도 제주시 한경면 조수리 134,한경면,29.0,104.0,30701,말굽형(남향),2024-03-31,1945592,12,http://tong.visitkorea.or.kr/cms/resource/88/3477988_image2_1.jpg,http://tong.visitkorea.or.kr/cms/resource/88/3477988_image3_1.jpg
243,송악산,서귀포시,제주특별자치도 서귀포시 대정읍 상모리 산2,대정읍,99.0,104.0,585982,복합형,2024-03-31,3013283,12,,
244,쇠머리오름,제주시,제주특별자치도 제주시 우도면 연평리 산19-1,우도면,128.0,132.5,457393,복합형,2024-03-31,598696,12,http://tong.visitkorea.or.kr/cms/resource/95/2726695_image2_1.jpg,http://tong.visitkorea.or.kr/cms/resource/95/2726695_image2_1.jpg
245,수악,서귀포시,제주특별자치도 서귀포시 남원읍 하례리 산10,남원읍,149.0,474.3,273067,원추형,2024-03-31,1945208,12,http://tong.visitkorea.or.kr/cms/resource/92/3477492_image2_1.jpg,http://tong.visitkorea.or.kr/cms/resource/92/3477492_image3_1.jpg
246,수월봉,제주시,제주특별자치도 제주시 한경면 고산리 3763,한경면,73.0,78.0,249820,원추형,2024-03-31,228859,12,,
247,쉼터동산,제주시,제주특별자치도 제주시 애월읍 광령리 산183-1,애월읍,47.0,1102.8,69083,원추형,2024-03-31,,,,
248,시오름,서귀포시,제주특별자치도 서귀포시 서홍동 산1,동지역,118.0,757.8,276280,원추형,2024-03-31,1918965,12,http://tong.visitkorea.or.kr/cms/resource/12/3478012_image2_1.jpg,http://tong.visitkorea.or.kr/cms/resource/12/3478012_image3_1.jpg
249,식산봉,서귀포시,제주특별자치도 서귀포시 성산읍 오조리 313,성산읍,55.0,60.2,53199,원추형,2024-03-31,,,,
250,식은이오름,제주시,제주특별자치도 제주시 구좌읍 덕천리 1450,구좌읍,45.0,286.0,139259,말굽형(남서향),2024-03-31,,,,
251,신산오름,서귀포시,제주특별자치도 서귀포시 안덕면 창천리 334,안덕면,30.0,175.0,66974,말굽형(북향),2024-03-31,,,,
252,쌀손장오리,제주시,제주특별자치도 제주시 봉개동 산78-2,동지역,98.0,912.5,298849,복합형,2024-03-31,,,,
253,썩은다리,서귀포시,제주특별자치도 서귀포시 안덕면 화순리 1913,안덕면,37.0,42.0,18910,원추형,2024-03-31,,,,
254,아끈다랑쉬,제주시,제주특별자치도 제주시 구좌읍 세화리 2593-1,구좌읍,58.0,198.0,164072,원형,2024-03-31,2740133,12,http://tong.visitkorea.or.kr/cms/resource/77/3425677_image2_1.JPG,http://tong.visitkorea.or.kr/cms/resource/77/3425677_image3_1.JPG
255,아부오름,제주시,제주특별자치도 제주시 구좌읍 송당리 산164-1,구좌읍,51.0,301.4,314926,원형,2024-03-31,1351320,12,http://tong.visitkorea.or.kr/cms/resource/27/3011827_image2_1.jpg,http://tong.visitkorea.or.kr/cms/resource/27/3011827_image3_1.jpg
256,아슴선이,서귀포시,제주특별자치도 서귀포시 표선면 하천리 2405,표선면,29.0,148.8,192921,원추형,2024-03-31,,,,
257,안돌오름,제주시,제주특별자치도 제주시 구좌읍 송당리 산 66-2,구좌읍,93.0,368.1,298148,말굽형(동향),2024-03-31,2724387,12,,
258,안세미,제주시,제주특별자치도 제주시 봉개동 산2,동지역,91.0,396.4,174311,말굽형(북동향),2024-03-31,,,,
259,안오름,제주시,제주특별자치도 제주시 애월읍 고성리 1146,애월읍,21.0,186.0,114268,원형,2024-03-31,,,,
260,안천이오름,제주시,제주특별자치도 제주시 애월읍 어음리 산124,애월읍,77.0,742.0,156344,말굽형(북서향),2024-03-31,,,,
261,안친오름,제주시,제주특별자치도 제주시 구좌읍 송당리 808,구좌읍,22.0,192.0,46443,말굽형(북향),2024-03-31,,,,
262,알밤,제주시,제주특별자치도 제주시 조천읍 선흘리 산 59-1,조천읍,154.0,393.6,505969,말굽형(북서향),2024-03-31,2914448,39,http://tong.visitkorea.or.kr/cms/resource/26/2914426_image2_1.jpg,http://tong.visitkorea.or.kr/cms/resource/26/2914426_image3_1.jpg
263,알방애오름,서귀포시,제주특별자치도 서귀포시 동홍동 산1,동지역,85.0,1584.8,214973,원추형,2024-03-31,,,,
264,알선족이오름,제주시,제주특별자치도 제주시 구좌읍 송당리 산14,구좌읍,21.0,291.2,45512,말굽형(동향),2024-03-31,,,,
265,알오름,서귀포시,제주특별자치도 서귀포시 성산읍 시흥리 2665,성산읍,51.0,145.9,142515,원추형,2023-05-12,1926369,12,,
266,알오름,제주시,제주특별자치도 제주시 건입동 387-1,동지역,21.0,96.2,35659,원추형,2024-03-31,1926369,12,,
267,알오름,제주시,제주특별자치도 제주시 애월읍 유수암리 산114,애월읍,31.0,446.2,87253,원추형,2024-03-31,1926369,12,,
268,어대오름,제주시,제주특별자치도 제주시 구좌읍 덕천리 509-1,구좌읍,55.0,210.5,117905,말굽형(북서향),2024-03-31,,,,
269,어도오름,제주시,제주특별자치도 제주시 애월읍 봉성리 3920-24,애월읍,73.0,143.2,376225,말굽형(북향),2024-03-31,,,,
270,어스렁오름,제주시,제주특별자치도 제주시 애월읍 광령리 산183-1,애월읍,37.0,1332.4,82247,원추형,2024-03-31,,,,
271,어승생,제주시,제주특별자치도 제주시 해안동 220-1,동지역,350.0,1169.0,2543257,원형(화구호),2024-03-31,127202,12,,
272,어오름,서귀포시,제주특별자치도 서귀포시 안덕면 상천리 산24,안덕면,8.0,638.0,81238,원추형,2023-05-12,,,,
273,어점이악,서귀포시,제주특별자치도 서귀포시 도순동 산1,동지역,45.0,820.1,41425,원추형,2024-03-31,,,,
274,어후오름,제주시,제주특별자치도 제주시 조천읍 교래리 산137-2,조천읍,116.0,1016.9,229772,말굽형(북동향),2024-03-31,,,,
275,여문영아리,서귀포시,제주특별자치도 서귀포시 표선면 가시리 산145,표선면,134.0,514.0,600325,말굽형(북향),2024-03-31,,,,
276,여절악,서귀포시,제주특별자치도 서귀포시 남원읍 신흥리 산18,남원읍,50.0,209.8,110552,말굽형(남향),2023-05-12,,,,
277,열안지,제주시,제주특별자치도 제주시 오라이동 산97,동지역,113.0,583.2,368262,말굽형(남동향),2024-03-31,1925369,12,http://tong.visitkorea.or.kr/cms/resource/61/3477961_image2_1.jpg,http://tong.visitkorea.or.kr/cms/resource/61/3477961_image3_1.jpg
278,열안지오름,제주시,제주특별자치도 제주시 봉개동 산78-1,동지역,54.0,328.7,55701,말굽형(북향),2024-03-31,1925369,12,http://tong.visitkorea.or.kr/cms/resource/61/3477961_image2_1.jpg,http://tong.visitkorea.or.kr/cms/resource/61/3477961_image3_1.jpg
279,영아리,서귀포시,제주특별자치도 서귀포시 안덕면 상천리 산24,안덕면,93.0,693.0,477656,말굽형(서향),2023-05-12,2433925,12,,
280,영주산,서귀포시,제주특별자치도 서귀포시 표선면 성읍리 산18-1,표선면,176.0,326.4,1338920,말굽형(동남향),2024-03-31,2704351,12,,
281,영천악,서귀포시,제주특별자치도 서귀포시 상효동 2364,동지역,97.0,277.0,256127,원형,2024-03-31,,,,
282,예촌망,서귀포시,제주특별자치도 서귀포시 남원읍 하례리 95-11,남원읍,63.0,67.5,312719,원추형,2024-03-31,,,,
283,오구시오름,제주시,제주특별자치도 제주시 오등동 570-1,동지역,29.0,188.6,27729,말굽형(동향),2024-03-31,,,,
284,오드싱오름,제주시,제주특별자치도 제주시 오등동 1554,동지역,56.0,206.2,169387,말굽형(북향),2024-03-31,,,,
285,오백나한,서귀포시,제주특별자치도 서귀포시 하원동 산1-1,동지역,389.0,1639.3,599856,복합형,2024-03-31,1926354,12,,
286,왕관릉,제주시,제주특별자치도 제주시 오등동 산182,동지역,150.0,1666.3,43678,원추형,2024-03-31,,,,
287,왕오름,서귀포시,제주특별자치도 서귀포시 중문동 산1-1,동지역,38.0,1223.0,92387,원추형,2024-03-31,,,,
288,왕이메,서귀포시,제주특별자치도 서귀포시 안덕면 광평리 산79,안덕면,92.0,612.4,709179,복합형,2024-03-31,2713585,12,,
289,용눈이오름,제주시,제주특별자치도 제주시 구좌읍 종달리 산28,구좌읍,88.0,247.8,404264,복합형,2024-03-31,572960,12,http://tong.visitkorea.or.kr/cms/resource/30/3011830_image2_1.jpg,http://tong.visitkorea.or.kr/cms/resource/30/3011830_image3_1.jpg
290,용머리,서귀포시,제주특별자치도 서귀포시 안덕면 사계리 112-1,안덕면,43.0,48.5,59515,원추형,2024-03-31,228854,12,http://tong.visitkorea.or.kr/cms/resource/99/3498699_image2_1.jpg,http://tong.visitkorea.or.kr/cms/resource/99/3498699_image3_1.jpg
291,우보악,서귀포시,제주특별자치도 서귀포시 색달동 912-1,동지역,96.0,301.4,399924,말굽형(동향),2024-03-31,,,,
292,우진제비,제주시,제주특별자치도 제주시 조천읍 선흘리 산111,조천읍,126.0,410.6,406250,말굽형(북동향),2024-03-31,,,,
293,운지악,서귀포시,제주특별자치도 서귀포시 남원읍 남원리 760-2,남원읍,24.0,113.5,37596,말굽형,2024-03-31,,,,
294,웃밤,제주시,제주특별자치도 제주시 조천읍 선흘리 산 84,조천읍,137.0,416.8,376587,말굽형(북향),2024-03-31,,,,
295,웃방애오름,서귀포시,제주특별자치도 서귀포시 동홍동 산1,동지역,73.0,1747.9,89796,원추형,2024-03-31,,,,
296,웃선족이오름,제주시,제주특별자치도 제주시 구좌읍 송당리 산140-2,구좌읍,32.0,307.3,64789,말굽형(남향),2024-03-31,,,,
297,웃세오름,제주시,제주특별자치도 제주시 애월읍 광령리 산183-6,애월읍,75.0,1740.0,273416,원추형,2023-05-12,1973369,12,,
298,원당봉,제주시,제주특별자치도 제주시 삼양일동 산1-1,동지역,120.0,170.7,663286,말굽형(북향),2024-03-31,,,,
299,원수악,서귀포시,제주특별자치도 서귀포시 안덕면 동광리 산41,안덕면,98.0,458.5,584056,말굽형(서향),2024-03-31,,,,
300,월라봉,서귀포시,제주특별자치도 서귀포시 안덕면 감산리 1148,안덕면,101.0,200.7,818809,복합형,2024-03-31,3026668,12,http://tong.visitkorea.or.kr/cms/resource/50/3026650_image2_1.jpg,http://tong.visitkorea.or.kr/cms/resource/50/3026650_image3_1.jpg
301,월라산,서귀포시,제주특별자치도 서귀포시 신효동 산1,동지역,63.0,117.8,498972,복합형,2024-03-31,,,,
302,월랑지,서귀포시,제주특별자치도 서귀포시 표선면 성읍리 산5,표선면,35.0,260.2,83957,말굽형(북향),2024-03-31,,,,
303,월산봉,서귀포시,제주특별자치도 서귀포시 강정동 1461,동지역,62.0,212.2,0,원추형,2024-03-31,,,,
304,유건에오름,서귀포시,제주특별자치도 서귀포시 성산읍 난산리 2302,성산읍,75.0,190.2,204487,원형,2024-03-31,,,,
305,은월봉,제주시,제주특별자치도 제주시 구좌읍 종달리 산21,구좌읍,75.0,179.6,209307,말굽형(북동향),2024-03-31,,,,
306,응악,서귀포시,제주특별자치도 서귀포시 남원읍 수망리 127,남원읍,33.0,178.0,23052,원추형,2024-03-31,,,,
307,이계오름,제주시,제주특별자치도 제주시 한경면 청수리 1854,한경면,38.0,167.7,48811,말굽형(동향),2024-03-31,,,,
308,이달봉,제주시,제주특별자치도 제주시 애월읍 봉성리 산71-1,애월읍,119.0,488.7,250204,원추형,2024-03-31,,,,
309,이달이촛대봉,제주시,제주특별자치도 제주시 애월읍 봉성리 산71-1,애월읍,86.0,456.0,104258,원추형,2024-03-31,,,,
310,이돈이오름,서귀포시,제주특별자치도 서귀포시 안덕면 광평리 산3,안덕면,68.0,663.2,287784,말굽형(서향),2024-03-31,,,,
311,이스렁오름,제주시,제주특별자치도 제주시 애월읍 광령리 산183-6,애월읍,73.0,1352.6,155494,원추형,2023-05-12,,,,
312,이승악,서귀포시,제주특별자치도 서귀포시 남원읍 신례리 산2-1,남원읍,114.0,539.0,332070,말굽형(동향),2024-03-31,2740123,12,http://tong.visitkorea.or.kr/cms/resource/88/2740388_image2_1.jpg,http://tong.visitkorea.or.kr/cms/resource/88/2740388_image2_1.jpg
313,인정오름,서귀포시,제주특별자치도 서귀포시 토평동 1952,동지역,49.0,232.5,212119,원형,2024-03-31,,,,
314,입산봉,제주시,제주특별자치도 제주시 구좌읍 김녕리 1037-2,구좌읍,65.0,84.5,229521,원형,2023-05-12,,,,
315,입석오름,서귀포시,제주특별자치도 서귀포시 남원읍 하례리 산1-7,남원읍,39.0,1189.0,102586,원추형,2023-05-12,,,,
316,자배봉,서귀포시,제주특별자치도 서귀포시 남원읍 위미리 산143,남원읍,111.0,211.3,440293,원형,2024-03-31,,,,
317,장구목,제주시,제주특별자치도 제주시 오라이동 산107,동지역,70.0,1813.0,227978,원추형,2024-03-31,1907250,39,,
318,장오름,서귀포시,제주특별자치도 서귀포시 중문동 산1-1,동지역,27.0,1132.1,55507,원추형,2024-03-31,,,,
319,장자오름,서귀포시,제주특별자치도 서귀포시 표선면 성읍리 2768,표선면,31.0,215.9,71285,원추형,2024-03-31,,,,
320,저지오름,제주시,제주특별자치도 제주시 한경면 저지리 산51,한경면,104.0,239.3,379316,원형,2024-03-31,1351196,12,http://tong.visitkorea.or.kr/cms/resource/30/3400730_image2_1.jpg,http://tong.visitkorea.or.kr/cms/resource/30/3400730_image3_1.jpg
321,절물오름(족은대나),제주시,제주특별자치도 제주시 봉개동 산78-1,동지역,120.0,656.7,305719,말굽형(북동향),2024-03-31,,,,
322,절물오름(큰대나),제주시,제주특별자치도 제주시 봉개동 산78-1,동지역,147.0,696.9,397123,원형,2024-03-31,,,,
323,정물알오름,제주시,제주특별자치도 제주시 한림읍 금악리 105-1,한림읍,41.0,355.5,52854,원추형,2024-03-31,1926369,12,,
324,정물오름,제주시,제주특별자치도 제주시 한림읍 금악리 산52-1,한림읍,151.0,466.1,494293,말굽형(북서향),2024-03-31,1926379,12,http://tong.visitkorea.or.kr/cms/resource/89/3077589_image2_1.jpg,http://tong.visitkorea.or.kr/cms/resource/89/3077589_image3_1.jpg
325,정월오름,제주시,제주특별자치도 제주시 한림읍 금능리 565-61,한림읍,56.0,106.2,192446,말굽형(북서향),2024-03-31,,,,
326,제석오름,서귀포시,제주특별자치도 서귀포시 표선면 하천리 429-1,표선면,48.0,87.5,58164,원추형,2024-03-31,,,,
327,제지기오름,서귀포시,제주특별자치도 서귀포시 보목동 산1,동지역,85.0,94.8,77023,원추형,2024-03-31,1918417,12,http://tong.visitkorea.or.kr/cms/resource/07/2046607_image2_1.jpg,http://tong.visitkorea.or.kr/cms/resource/07/2046607_image3_1.jpg
328,족은개오리,제주시,제주특별자치도 제주시 봉개동 산78-1,동지역,79.0,664.0,175778,말굽형(서향),2024-03-31,,,,
329,족은노로오름,제주시,제주특별자치도 제주시 애월읍 고성리 산145,애월읍,34.0,1019.2,95867,복합형,2024-03-31,,,,
330,족은노리손이,제주시,제주특별자치도 제주시 봉개동 234-231,동지역,28.0,413.8,14756,원추형,2023-05-12,,,,
331,족은대비악,서귀포시,제주특별자치도 서귀포시 안덕면 광평리 산59,안덕면,71.0,541.2,188947,복합형,2024-03-31,,,,
332,족은돌이미,제주시,제주특별자치도 제주시 구좌읍 송당리 2451,구좌읍,24.0,274.0,66814,말굽형(동남향),2024-03-31,,,,
333,족은드레,제주시,제주특별자치도 제주시 해안동 산220-1,동지역,279.0,1339.2,685355,원추형,2024-03-31,,,,
334,족은바리메,제주시,제주특별자치도 제주시 애월읍 상가리 산124,애월읍,126.0,725.8,688020,말굽형(북서향),2024-03-31,,,,
335,족은방애오름,제주시,제주특별자치도 제주시 조천읍 교래리 산 44,조천읍,28.0,437.5,61947,말굽형(북동향),2024-03-31,,,,
336,족은오름,제주시,제주특별자치도 제주시 애월읍 광령리 산183-6,애월읍,64.0,1698.9,116502,원추형,2023-05-12,,,,
337,족은지그리,제주시,제주특별자치도 제주시 조천읍 교래리 산119,조천읍,69.0,504.0,120674,말굽형(남동향),2024-03-31,,,,
338,종재기악,제주시,제주특별자치도 제주시 구좌읍 덕천리 1307,구좌읍,45.0,254.9,22813,원추형,2024-03-31,,,,
339,좌보미,서귀포시,제주특별자치도 서귀포시 표선면 성읍리 산6,표선면,112.0,342.0,631356,말굽형(남향),2024-03-31,,,,
340,좌보미알오름,서귀포시,제주특별자치도 서귀포시 표선면 성읍리 93,표선면,23.0,227.5,18946,원형,2024-03-31,,,,
341,주체오름,제주시,제주특별자치도 제주시 구좌읍 덕천리 864,구좌읍,35.0,220.6,61751,말굽형(남서향),2024-03-31,,,,
342,지미봉,제주시,제주특별자치도 제주시 구좌읍 종달리 산3-1,구좌읍,160.0,165.8,423814,말굽형(북향),2024-03-31,1918413,12,,
343,진물굼부리,제주시,제주특별자치도 제주시 봉개동 산78-1,동지역,25.0,573.0,50595,말굽형(남서향),2024-03-31,,,,
344,천아오름,제주시,제주특별자치도 제주시 애월읍 광령리 산182-1,애월읍,87.0,797.0,157348,말굽형(북서향),2023-05-12,1895611,12,,
345,천아오름,제주시,제주특별자치도 제주시 한림읍 상대리 1689,한림읍,49.0,133.6,127387,말굽형(서남향),2024-03-31,1895611,12,,
346,체오름,제주시,제주특별자치도 제주시 구좌읍 덕천리 산 2,구좌읍,117.0,382.2,553701,말굽형(북동향),2024-03-31,3482354,15,http://tong.visitkorea.or.kr/cms/resource/39/3482339_image2_1.png,http://tong.visitkorea.or.kr/cms/resource/39/3482339_image3_1.png
347,쳇망오름,서귀포시,제주특별자치도 서귀포시 표선면 가시리 산158-2,표선면,55.0,444.6,140916,원형,2024-03-31,,,,
348,쳇망오름,제주시,제주특별자치도 제주시 애월읍 광령리 산183-6,애월읍,55.0,1354.9,238510,말굽형(북서향),2023-05-12,,,,
349,칡(족은)오름,제주시,제주특별자치도 제주시 봉개동 466-2,동지역,42.0,326.5,51407,원추형,2024-03-31,,,,
350,칡(큰)오름,제주시,제주특별자치도 제주시 봉개동 466-2,동지역,47.0,336.6,50953,원추형,2024-03-31,,,,
351,칡오름,서귀포시,제주특별자치도 서귀포시 상효동 2308-1,동지역,96.0,271.0,337365,원형,2023-05-12,,,,
352,칡오름,제주시,제주특별자치도 제주시 구좌읍 송당리 산155,구좌읍,49.0,303.9,126006,말굽형(남서향),2024-03-31,,,,
353,큰노리손이,제주시,제주특별자치도 제주시 봉개동 234-231,동지역,52.0,426.6,69773,원추형,2023-05-12,,,,
354,큰돌이미,제주시,제주특별자치도 제주시 구좌읍 송당리 산255-1,구좌읍,82.0,311.9,273308,말굽형(동북향),2024-03-31,,,,
355,큰드레,제주시,제주특별자치도 제주시 오라동 산107,동지역,140.0,1628.4,490592,원추형,2024-03-31,,,,
356,큰지그리,제주시,제주특별자치도 제주시 조천읍 교래리 산119,조천읍,118.0,598.0,344976,말굽형(남서향),2024-03-31,,,,
357,테역장오리,제주시,제주특별자치도 제주시 봉개동 산78-2,동지역,50.0,846.3,104519,말굽형(북향),2024-03-31,,,,
358,토산봉,서귀포시,제주특별자치도 서귀포시 표선면 토산리 산13,표선면,75.0,175.4,398823,복합형,2024-03-31,,,,
359,통오름,서귀포시,제주특별자치도 서귀포시 성산읍 난산리 1976-1,성산읍,43.0,143.1,258114,말굽형(서향),2024-03-31,,,,
360,파군봉,제주시,제주특별자치도 제주시 애월읍 하귀1리 688-1,애월읍,50.0,84.5,59269,원추형,2024-03-31,,,,
361,판포오름,제주시,제주특별자치도 제주시 한경면 판포리 935-1,한경면,58.0,93.2,192446,말굽형(동향),2024-03-31,,,,
362,폭낭오름,제주시,제주특별자치도 제주시 애월읍 봉성리 산43,애월읍,76.0,645.5,583171,복합형,2024-03-31,1918421,12,http://tong.visitkorea.or.kr/cms/resource/39/3478039_image2_1.jpg,http://tong.visitkorea.or.kr/cms/resource/39/3478039_image3_1.jpg
363,하논,서귀포시,제주특별자치도 서귀포시 호근동 149,동지역,88.0,143.4,1266825,원형,2024-03-31,2615028,12,http://tong.visitkorea.or.kr/cms/resource/81/3025081_image2_1.jpg,http://tong.visitkorea.or.kr/cms/resource/81/3025081_image3_1.jpg
364,하늬보기,서귀포시,제주특별자치도 서귀포시 안덕면 상천리 산89-1,안덕면,42.0,592.3,17795,원추형,2023-05-12,,,,
365,한대오름,제주시,제주특별자치도 제주시 애월읍 봉성리 산1,애월읍,36.0,921.4,132263,원추형,2024-03-31,1918643,12,,
366,후곡악,서귀포시,제주특별자치도 서귀포시 성산읍 수산리 4504,성산읍,36.0,206.2,54168,말굽형(서남향),2024-03-31,,,,
367,흑악,서귀포시,제주특별자치도 서귀포시 남원읍 신례리 산2-1,남원읍,40.0,590.1,32197,원추형,2024-03-31,,,,
368,흙붉은오름,제주시,제주특별자치도 제주시 아라일동 산67,동지역,146.0,1380.7,721090,말굽형(동향),2024-03-31,1890857,12,,
